target,arena,extracted_sentences,eligible_sentences,phrase_adjusted_sentences,removed_non_ai,minimum_required,sample_cap,sampled_if_run,threshold_met,missing_reason,removed_percent,phrase_adjusted_percent_of_eligible
agent,NYT,348,69,9,279,100,500,69,False,BELOW_MINIMUM,80.17241379310344,13.043478260869565
agent,WSJ,215,48,15,167,100,500,48,False,BELOW_MINIMUM,77.67441860465117,31.25
agent,arxiv,26372,2240,159,24132,100,500,500,True,,91.50614287881086,7.098214285714286
algorithm,NYT,1332,271,0,1061,100,500,271,True,,79.65465465465465,0.0
algorithm,WSJ,777,184,0,593,100,500,184,True,,76.31917631917632,0.0
algorithm,arxiv,51951,3353,0,48598,100,500,500,True,,93.54584127350773,0.0
alignment,NYT,98,32,0,66,100,500,32,False,BELOW_MINIMUM,67.34693877551021,0.0
alignment,WSJ,31,13,0,18,100,500,13,False,BELOW_MINIMUM,58.064516129032256,0.0
alignment,arxiv,2346,295,0,2051,100,500,295,True,,87.42540494458653,0.0
autonomy,NYT,311,50,0,261,100,500,50,False,BELOW_MINIMUM,83.92282958199357,0.0
autonomy,WSJ,159,44,0,115,100,500,44,False,BELOW_MINIMUM,72.32704402515724,0.0
autonomy,arxiv,477,103,0,374,100,500,103,True,,78.40670859538784,0.0
bias,NYT,684,219,0,465,100,500,219,True,,67.98245614035088,0.0
bias,WSJ,257,96,0,161,100,500,96,False,BELOW_MINIMUM,62.64591439688716,0.0
bias,arxiv,5008,703,0,4305,100,500,500,True,,85.96246006389777,0.0
capability,NYT,232,51,0,181,100,500,51,False,BELOW_MINIMUM,78.01724137931035,0.0
capability,WSJ,178,54,0,124,100,500,54,False,BELOW_MINIMUM,69.66292134831461,0.0
capability,arxiv,1985,339,0,1646,100,500,339,True,,82.92191435768262,0.0
control,NYT,3061,423,0,2638,100,500,423,True,,86.18098660568441,0.0
control,WSJ,1507,256,0,1251,100,500,256,True,,83.01260783012607,0.0
control,arxiv,11238,1583,0,9655,100,500,500,True,,85.91386367681082,0.0
creativity,NYT,448,113,0,335,100,500,113,True,,74.77678571428571,0.0
creativity,WSJ,163,47,0,116,100,500,47,False,BELOW_MINIMUM,71.16564417177914,0.0
creativity,arxiv,541,208,0,333,100,500,208,True,,61.55268022181146,0.0
decision,NYT,1923,206,0,1717,100,500,206,True,,89.28757150286012,0.0
decision,WSJ,950,174,0,776,100,500,174,True,,81.6842105263158,0.0
decision,arxiv,17278,2052,0,15226,100,500,500,True,,88.12362541960876,0.0
fairness,NYT,108,24,0,84,100,500,24,False,BELOW_MINIMUM,77.77777777777777,0.0
fairness,WSJ,58,16,0,42,100,500,16,False,BELOW_MINIMUM,72.41379310344827,0.0
fairness,arxiv,2419,485,0,1934,100,500,485,True,,79.95039272426622,0.0
generation,NYT,1463,319,0,1144,100,500,319,True,,78.19548872180451,0.0
generation,WSJ,974,273,0,701,100,500,273,True,,71.97125256673512,0.0
generation,arxiv,8345,1261,0,7084,100,500,500,True,,84.88915518274416,0.0
intelligence,NYT,15104,12402,12006,2702,100,500,500,True,,17.889300847457626,96.80696661828738
intelligence,WSJ,8959,6537,5710,2422,100,500,500,True,,27.03426721732336,87.34893682117179
intelligence,arxiv,7171,3936,2475,3235,100,500,500,True,,45.1122577046437,62.88109756097561
learning,NYT,3808,2237,1802,1571,100,500,500,True,,41.25525210084034,80.5543138131426
learning,WSJ,2677,1747,1381,930,100,500,500,True,,34.74038102353381,79.04979965655409
learning,arxiv,56723,20874,16425,35849,100,500,500,True,,63.20011282901116,78.68640413912044
model,NYT,2890,872,375,2018,100,500,500,True,,69.82698961937716,43.0045871559633
model,WSJ,1910,654,166,1256,100,500,500,True,,65.75916230366492,25.382262996941897
model,arxiv,91758,11613,1869,80145,100,500,500,True,,87.34388282220624,16.09403254972875
network,NYT,2672,671,423,2001,100,500,500,True,,74.8877245508982,63.04023845007452
network,WSJ,1246,235,58,1011,100,500,235,True,,81.13964686998395,24.680851063829788
network,arxiv,35375,9774,6976,25601,100,500,500,True,,72.37031802120141,71.37303048905258
prediction,NYT,347,63,0,284,100,500,63,False,BELOW_MINIMUM,81.84438040345822,0.0
prediction,WSJ,140,30,0,110,100,500,30,False,BELOW_MINIMUM,78.57142857142857,0.0
prediction,arxiv,12987,1628,0,11359,100,500,500,True,,87.46438746438747,0.0
reasoning,NYT,289,118,0,171,100,500,118,True,,59.16955017301038,0.0
reasoning,WSJ,172,65,0,107,100,500,65,False,BELOW_MINIMUM,62.2093023255814,0.0
reasoning,arxiv,8680,1161,0,7519,100,500,500,True,,86.62442396313364,0.0
representation,NYT,126,11,0,115,100,500,11,False,BELOW_MINIMUM,91.26984126984127,0.0
representation,WSJ,40,7,0,33,100,500,7,False,BELOW_MINIMUM,82.5,0.0
representation,arxiv,15214,1373,0,13841,100,500,500,True,,90.97541737873011,0.0
risk,NYT,2617,334,0,2283,100,500,334,True,,87.23729461215132,0.0
risk,WSJ,1691,318,0,1373,100,500,318,True,,81.19455943228859,0.0
risk,arxiv,4613,520,0,4093,100,500,500,True,,88.72750921309343,0.0
safety,NYT,1902,452,0,1450,100,500,452,True,,76.23554153522608,0.0
safety,WSJ,1002,284,0,718,100,500,284,True,,71.6566866267465,0.0
safety,arxiv,2212,424,0,1788,100,500,424,True,,80.83182640144665,0.0
system,NYT,6723,1521,0,5202,100,500,500,True,,77.37617135207496,0.0
system,WSJ,3389,764,0,2625,100,500,500,True,,77.45647683682502,0.0
system,arxiv,36738,4468,0,32270,100,500,500,True,,87.83820567260058,0.0
training,NYT,1780,457,0,1323,100,500,457,True,,74.32584269662921,0.0
training,WSJ,1045,449,0,596,100,500,449,True,,57.03349282296651,0.0
training,arxiv,35270,5810,0,29460,100,500,500,True,,83.52707683583782,0.0
understanding,NYT,1126,233,0,893,100,500,233,True,,79.30728241563055,0.0
understanding,WSJ,463,136,0,327,100,500,136,True,,70.62634989200863,0.0
understanding,arxiv,4969,958,0,4011,100,500,500,True,,80.72046689474743,0.0
